source_file,run_name,id,category,prompt_length_words,generation_length_words,length_bucket,feature_clipping_enabled,feature_clip_layer,feature_clip_tokens_collected,perplexity,energy,entropy,lexical_similarity,eigenIndicator,eigenIndicatorOutput
halogen_outputs\experiment_2_opt_prompt_length\long_100_plus_words\0.pkl,long_100_plus_words,halogen_4202,summarization,150,43,long_100_plus,False,,0,0.11972394907376849,-17.8235292583704,0.12589067813986718,0.26500542616878825,-1.9992352010809538,
halogen_outputs\experiment_2_opt_prompt_length\long_100_plus_words\0.pkl,long_100_plus_words,halogen_4081,summarization,160,52,long_100_plus,False,,0,0.7048491402661481,-13.221095874905586,0.227020846929955,0.1650222929120413,-2.112361226400494,
halogen_outputs\experiment_2_opt_prompt_length\long_100_plus_words\0.pkl,long_100_plus_words,halogen_4070,summarization,274,1,long_100_plus,False,,0,1.1467116676355569,-14.649170637130737,0.42689346096424663,0.1806684117902921,-2.221368867200968,
halogen_outputs\experiment_2_opt_prompt_length\long_100_plus_words\0.pkl,long_100_plus_words,halogen_6547,rationalization_binary,166,51,long_100_plus,False,,0,0.1617713142192344,-14.651143953204155,0.048214953574680496,0.5881923926215796,-2.286689745882468,
halogen_outputs\experiment_2_opt_prompt_length\long_100_plus_words\0.pkl,long_100_plus_words,halogen_5142,summarization,496,45,long_100_plus,False,,0,1.1781085192935916,-13.53094594180584,0.39474980921638153,0.17393083314310576,-2.230529857798135,
halogen_outputs\experiment_2_opt_prompt_length\long_100_plus_words\0.pkl,long_100_plus_words,halogen_4452,summarization,257,39,long_100_plus,False,,0,0.22204513804764622,-17.02725987136364,0.20608306494299708,0.11707254865555454,-2.0369021936964975,
halogen_outputs\experiment_2_opt_prompt_length\long_100_plus_words\0.pkl,long_100_plus_words,halogen_4036,summarization,282,52,long_100_plus,False,,0,0.11328771632328148,-18.219181522727013,0.2873247990799894,0.1686859456964951,-2.0643689342939324,
halogen_outputs\experiment_2_opt_prompt_length\long_100_plus_words\0.pkl,long_100_plus_words,halogen_3986,summarization,267,53,long_100_plus,False,,0,0.7092642355057593,-15.01614099740982,0.22521558349964604,0.1742559068353737,-1.8631226157970442,
halogen_outputs\experiment_2_opt_prompt_length\long_100_plus_words\0.pkl,long_100_plus_words,halogen_4418,summarization,241,52,long_100_plus,False,,0,0.23425925433221398,-16.84570474922657,0.1454772328247121,0.37127671426055936,-2.1722569677617813,
halogen_outputs\experiment_2_opt_prompt_length\long_100_plus_words\0.pkl,long_100_plus_words,halogen_4731,summarization,312,51,long_100_plus,False,,0,0.11128784769761978,-17.993693977594376,0.23865725721284745,0.11183956673081524,-1.9929788060847329,
halogen_outputs\experiment_2_opt_prompt_length\long_100_plus_words\0.pkl,long_100_plus_words,halogen_4332,summarization,295,51,long_100_plus,False,,0,0.1756939054840608,-17.207141146063805,0.23398912773949312,0.16821291290964105,-1.9702163445136265,
halogen_outputs\experiment_2_opt_prompt_length\long_100_plus_words\0.pkl,long_100_plus_words,halogen_4390,summarization,181,47,long_100_plus,False,,0,0.1574345829007608,-17.30687442421913,0.08551817332584216,0.261256678023579,-1.9915606426129813,
halogen_outputs\experiment_2_opt_prompt_length\long_100_plus_words\0.pkl,long_100_plus_words,halogen_5151,summarization,260,42,long_100_plus,False,,0,0.1093726265028244,-17.80430868268013,0.026815361218185944,0.5125732204336727,-2.273547609180869,
halogen_outputs\experiment_2_opt_prompt_length\long_100_plus_words\0.pkl,long_100_plus_words,halogen_4960,summarization,194,50,long_100_plus,False,,0,0.2365871158214076,-17.312629207968712,0.2445028737383724,0.20989297503318613,-2.166346755888254,
halogen_outputs\experiment_2_opt_prompt_length\long_100_plus_words\0.pkl,long_100_plus_words,halogen_4356,summarization,286,51,long_100_plus,False,,0,0.9102965430726296,-14.172270849347115,0.14296992044249462,0.1590851148218087,-1.9415484981767794,
halogen_outputs\experiment_2_opt_prompt_length\long_100_plus_words\0.pkl,long_100_plus_words,halogen_4730,summarization,273,47,long_100_plus,False,,0,0.8448953491849053,-14.592619583010674,0.4258431514554621,0.14402011710200288,-2.0738441617217336,
halogen_outputs\experiment_2_opt_prompt_length\long_100_plus_words\0.pkl,long_100_plus_words,halogen_4365,summarization,293,50,long_100_plus,False,,0,0.21815301775981827,-16.89285373687744,0.3891786918660139,0.2562974699659055,-2.2816867024199503,
halogen_outputs\experiment_2_opt_prompt_length\long_100_plus_words\0.pkl,long_100_plus_words,halogen_6595,rationalization_binary,166,51,long_100_plus,False,,0,0.16198304783206735,-14.683210581541061,0.05246462141423404,0.5749537875872789,-2.2625484198967762,
halogen_outputs\experiment_2_opt_prompt_length\long_100_plus_words\0.pkl,long_100_plus_words,halogen_4487,summarization,237,41,long_100_plus,False,,0,0.40206453529978164,-15.993761196732521,0.2096122737448019,0.17263526287095063,-1.8943670880785768,
halogen_outputs\experiment_2_opt_prompt_length\long_100_plus_words\0.pkl,long_100_plus_words,halogen_4306,summarization,223,1,long_100_plus,False,,0,1.5833543361630344,-13.457968711853027,0.23655850530167405,0.17358800865050109,-2.1195998566704253,
halogen_outputs\experiment_2_opt_prompt_length\long_100_plus_words\0.pkl,long_100_plus_words,halogen_4615,summarization,195,50,long_100_plus,False,,0,0.33151127069399183,-16.893532320857048,0.15568958319422052,0.14621960093955688,-1.9313055183461927,
halogen_outputs\experiment_2_opt_prompt_length\long_100_plus_words\0.pkl,long_100_plus_words,halogen_3988,summarization,158,40,long_100_plus,False,,0,0.6027708810572135,-15.028374329209328,0.20774421781967645,0.14297702834481826,-2.0302057445000288,
halogen_outputs\experiment_2_opt_prompt_length\long_100_plus_words\0.pkl,long_100_plus_words,halogen_4506,summarization,136,43,long_100_plus,False,,0,0.3372100890623252,-15.802119314670563,0.15610614781279764,0.14644255150698834,-1.9347667616901814,
halogen_outputs\experiment_2_opt_prompt_length\long_100_plus_words\0.pkl,long_100_plus_words,halogen_4541,summarization,243,53,long_100_plus,False,,0,0.2860350627964019,-16.83797287940979,0.16282687822263703,0.16416910620258013,-1.9398817995365625,
halogen_outputs\experiment_2_opt_prompt_length\long_100_plus_words\0.pkl,long_100_plus_words,halogen_6293,rationalization_binary,166,51,long_100_plus,False,,0,0.16251657766703986,-14.681244522333145,0.050607621210463416,0.7138722719680874,-2.570306210942204,
halogen_outputs\experiment_2_opt_prompt_length\long_100_plus_words\0.pkl,long_100_plus_words,halogen_4529,summarization,223,0,long_100_plus,False,,0,1.5703138259438136,-10.837509155273438,0.34752753141122045,0.2374999581560101,-2.2791116958737,
halogen_outputs\experiment_2_opt_prompt_length\long_100_plus_words\0.pkl,long_100_plus_words,halogen_4064,summarization,283,14,long_100_plus,False,,0,0.6880669649373661,-14.974669196388938,0.303850406649536,0.1309178012822928,-1.9207486489244439,
halogen_outputs\experiment_2_opt_prompt_length\long_100_plus_words\0.pkl,long_100_plus_words,halogen_4031,summarization,304,53,long_100_plus,False,,0,1.2052392526980773,-13.7016581594944,0.2213526622618866,0.17160579408719498,-1.9806574057577007,
halogen_outputs\experiment_2_opt_prompt_length\long_100_plus_words\0.pkl,long_100_plus_words,halogen_4005,summarization,198,50,long_100_plus,False,,0,0.1152342786448777,-18.271247640252113,0.2778067497568379,0.17141637592438788,-2.05033457132635,
halogen_outputs\experiment_2_opt_prompt_length\long_100_plus_words\0.pkl,long_100_plus_words,halogen_4299,summarization,233,52,long_100_plus,False,,0,0.15037479473402277,-17.908409237861633,0.0880177843755952,0.2987712462123361,-2.21565404474061,
halogen_outputs\experiment_2_opt_prompt_length\long_100_plus_words\0.pkl,long_100_plus_words,halogen_4570,summarization,234,47,long_100_plus,False,,0,0.23125673559954105,-17.216858863830566,0.12449474435722004,0.3443659293579986,-2.0293262555747784,
halogen_outputs\experiment_2_opt_prompt_length\long_100_plus_words\0.pkl,long_100_plus_words,halogen_4693,summarization,309,45,long_100_plus,False,,0,0.09321749638726039,-19.880190521478653,0.2716651416978296,0.18301329551084283,-2.263401733809304,
halogen_outputs\experiment_2_opt_prompt_length\long_100_plus_words\0.pkl,long_100_plus_words,halogen_6509,rationalization_binary,166,51,long_100_plus,False,,0,0.1726660910061444,-14.668745547533035,0.05744841584099377,0.7672619924046921,-2.42054443878144,
halogen_outputs\experiment_2_opt_prompt_length\long_100_plus_words\0.pkl,long_100_plus_words,halogen_4128,summarization,270,55,long_100_plus,False,,0,1.077940089077852,-13.124460995197296,0.38195534932238606,0.1336217807867298,-2.0580279901134455,
halogen_outputs\experiment_2_opt_prompt_length\long_100_plus_words\0.pkl,long_100_plus_words,halogen_4623,summarization,236,50,long_100_plus,False,,0,0.24266755882534774,-16.823966071009636,0.1330678479594049,0.219461478545085,-2.063776187404258,
halogen_outputs\experiment_2_opt_prompt_length\long_100_plus_words\0.pkl,long_100_plus_words,halogen_6531,rationalization_binary,166,51,long_100_plus,False,,0,0.1677696598581051,-14.637941464781761,0.05133533924192729,0.6820031725786888,-2.3008923957807257,
halogen_outputs\experiment_2_opt_prompt_length\long_100_plus_words\0.pkl,long_100_plus_words,halogen_4312,summarization,233,43,long_100_plus,False,,0,0.2748856572563362,-16.975580766797066,0.1982106375394213,0.16574609113889058,-1.940587091582654,
halogen_outputs\experiment_2_opt_prompt_length\long_100_plus_words\0.pkl,long_100_plus_words,halogen_4319,summarization,196,49,long_100_plus,False,,0,0.8140123051735587,-14.413662135601044,0.26726675716119586,0.13345293024682714,-2.0080467125040746,
halogen_outputs\experiment_2_opt_prompt_length\long_100_plus_words\0.pkl,long_100_plus_words,halogen_4652,summarization,305,43,long_100_plus,False,,0,0.5581902064532311,-15.225460574030876,0.2214005250312972,0.19015124706271094,-1.9850433395636884,
halogen_outputs\experiment_2_opt_prompt_length\long_100_plus_words\0.pkl,long_100_plus_words,halogen_4285,summarization,152,48,long_100_plus,False,,0,0.22428037764002107,-16.269665092229843,0.11735121014540009,0.26251308442628696,-2.1200370584374975,
halogen_outputs\experiment_2_opt_prompt_length\long_100_plus_words\0.pkl,long_100_plus_words,halogen_5235,summarization,498,48,long_100_plus,False,,0,0.2857181740590303,-17.13802659511566,0.16215798515117483,0.08442787541686757,-1.9400438741735229,
halogen_outputs\experiment_2_opt_prompt_length\long_100_plus_words\0.pkl,long_100_plus_words,halogen_4228,summarization,279,52,long_100_plus,False,,0,0.15407837873981386,-16.346850112080574,0.15543027030944628,0.2451047632360012,-2.192734426634813,
halogen_outputs\experiment_2_opt_prompt_length\long_100_plus_words\0.pkl,long_100_plus_words,halogen_4320,summarization,290,50,long_100_plus,False,,0,0.21601190648268648,-16.52830781042576,0.03538110094641843,0.6852107464527691,-2.386797910059264,
halogen_outputs\experiment_2_opt_prompt_length\long_100_plus_words\0.pkl,long_100_plus_words,halogen_4420,summarization,228,48,long_100_plus,False,,0,0.11252331981531738,-17.137561321258545,0.19556297042781265,0.19487741077527335,-1.9431057217703973,
halogen_outputs\experiment_2_opt_prompt_length\long_100_plus_words\0.pkl,long_100_plus_words,halogen_6273,rationalization_binary,166,51,long_100_plus,False,,0,0.1593798844357537,-14.690100476145744,0.03707537761322635,0.7374313223282948,-2.549322581381953,
halogen_outputs\experiment_2_opt_prompt_length\long_100_plus_words\0.pkl,long_100_plus_words,halogen_4805,summarization,266,54,long_100_plus,False,,0,0.16830417407893677,-16.82957197725773,0.16930170792746693,0.08290694448292811,-1.9473233652986472,
halogen_outputs\experiment_2_opt_prompt_length\long_100_plus_words\0.pkl,long_100_plus_words,halogen_6319,rationalization_binary,166,51,long_100_plus,False,,0,0.15736194895293404,-14.695672422647476,0.03290399577595064,0.7568082788671026,-2.4604657611741905,
halogen_outputs\experiment_2_opt_prompt_length\long_100_plus_words\0.pkl,long_100_plus_words,halogen_4536,summarization,160,43,long_100_plus,False,,0,1.0668641672542698,-13.733018085360527,0.17246174172398687,0.1398346415729865,-2.048883798025071,
halogen_outputs\experiment_2_opt_prompt_length\long_100_plus_words\0.pkl,long_100_plus_words,halogen_4770,summarization,194,47,long_100_plus,False,,0,0.19154177925360488,-16.756816193461418,0.0950574679395656,0.3558643813359326,-2.1643718528569713,
halogen_outputs\experiment_2_opt_prompt_length\long_100_plus_words\0.pkl,long_100_plus_words,halogen_4825,summarization,264,0,long_100_plus,False,,0,1.5881638745964473,-11.0632905960083,0.5621354928993813,0.4954128440366972,-2.5786149972460755,
halogen_outputs\experiment_2_opt_prompt_length\long_100_plus_words\0.pkl,long_100_plus_words,halogen_4095,summarization,294,46,long_100_plus,False,,0,1.4089508162998916,-13.691756144165993,0.23589250246068513,0.17705915333620897,-1.9862441195314608,
halogen_outputs\experiment_2_opt_prompt_length\long_100_plus_words\0.pkl,long_100_plus_words,halogen_4877,summarization,296,47,long_100_plus,False,,0,0.1506863356814236,-17.936535373330116,0.305764136170768,0.07923060223843212,-2.032617259108369,
halogen_outputs\experiment_2_opt_prompt_length\long_100_plus_words\0.pkl,long_100_plus_words,halogen_4369,summarization,301,42,long_100_plus,False,,0,0.08069405071275604,-17.93184943497181,0.0988679054395271,0.5758699439640903,-2.3563257428010465,
halogen_outputs\experiment_2_opt_prompt_length\long_100_plus_words\0.pkl,long_100_plus_words,halogen_4404,summarization,217,9,long_100_plus,False,,0,0.6144099419569568,-14.69010647483494,0.1970919790735262,0.16680437227481876,-2.031644885438823,
halogen_outputs\experiment_2_opt_prompt_length\long_100_plus_words\0.pkl,long_100_plus_words,halogen_6280,rationalization_binary,166,51,long_100_plus,False,,0,0.16377025729393313,-14.667568534612656,0.0456505877256615,0.5870293307974727,-2.2386050111180276,
halogen_outputs\experiment_2_opt_prompt_length\long_100_plus_words\0.pkl,long_100_plus_words,halogen_6674,rationalization_binary,166,51,long_100_plus,False,,0,0.15962695256959963,-14.691263690590858,0.04009561482528974,0.6018945697949355,-2.4264700608033607,
halogen_outputs\experiment_2_opt_prompt_length\long_100_plus_words\0.pkl,long_100_plus_words,halogen_4006,summarization,247,50,long_100_plus,False,,0,0.10616142262788973,-18.407447010278702,0.18975463810505852,0.28888888888888886,-2.4688064046695617,
halogen_outputs\experiment_2_opt_prompt_length\long_100_plus_words\0.pkl,long_100_plus_words,halogen_4099,summarization,275,49,long_100_plus,False,,0,0.6607225190139169,-14.761299595236778,0.2584397786077886,0.2867758089133252,-2.0785682457539507,
halogen_outputs\experiment_2_opt_prompt_length\long_100_plus_words\0.pkl,long_100_plus_words,halogen_4216,summarization,315,57,long_100_plus,False,,0,0.8480150445747514,-14.798271924257278,0.4076562811457604,0.14810169316038732,-2.0955084504003816,
halogen_outputs\experiment_2_opt_prompt_length\long_100_plus_words\0.pkl,long_100_plus_words,halogen_5204,summarization,317,48,long_100_plus,False,,0,0.15886301449200554,-17.270100489258766,0.3096574212129518,0.10554641312015965,-2.054185122335697,
halogen_outputs\experiment_2_opt_prompt_length\long_100_plus_words\0.pkl,long_100_plus_words,halogen_6524,rationalization_binary,166,51,long_100_plus,False,,0,0.16399782888551515,-14.667021557688713,0.04452459068855717,0.6392786700164137,-2.3355147688941233,
halogen_outputs\experiment_2_opt_prompt_length\long_100_plus_words\0.pkl,long_100_plus_words,halogen_4779,summarization,252,49,long_100_plus,False,,0,0.24960395489813303,-16.90321882069111,0.24338303186211657,0.2366217092238722,-2.2627766726876066,
halogen_outputs\experiment_2_opt_prompt_length\long_100_plus_words\0.pkl,long_100_plus_words,halogen_6240,rationalization_binary,166,51,long_100_plus,False,,0,0.16209030391604984,-14.681246846914291,0.03664414753236336,0.7566282508023764,-2.5007152179669596,
halogen_outputs\experiment_2_opt_prompt_length\long_100_plus_words\0.pkl,long_100_plus_words,halogen_4444,summarization,247,34,long_100_plus,False,,0,0.23135636735401066,-17.437170445919037,0.3218019538994644,0.18704623786076557,-2.1301044715644943,
halogen_outputs\experiment_2_opt_prompt_length\long_100_plus_words\0.pkl,long_100_plus_words,halogen_5018,summarization,240,54,long_100_plus,False,,0,0.1568115874457156,-17.730787485837936,0.18404412436650905,0.16429654222285872,-1.9631945002369917,
halogen_outputs\experiment_2_opt_prompt_length\long_100_plus_words\0.pkl,long_100_plus_words,halogen_4931,summarization,291,53,long_100_plus,False,,0,0.15902064864571802,-17.443605586886406,0.1280282984620656,0.22794288800526982,-2.0630963507002003,
halogen_outputs\experiment_2_opt_prompt_length\long_100_plus_words\0.pkl,long_100_plus_words,halogen_4499,summarization,293,44,long_100_plus,False,,0,0.19957634006277003,-17.503805547952652,0.3636581412691575,0.12141858107028033,-2.147477195626082,
halogen_outputs\experiment_2_opt_prompt_length\long_100_plus_words\0.pkl,long_100_plus_words,halogen_6644,rationalization_binary,166,51,long_100_plus,False,,0,0.15822710069914359,-14.6872898042202,0.07707280178622034,0.5526496979152359,-2.0240831482233617,
halogen_outputs\experiment_2_opt_prompt_length\long_100_plus_words\0.pkl,long_100_plus_words,halogen_6593,rationalization_binary,166,51,long_100_plus,False,,0,0.1635192746811986,-14.670553639531136,0.046161264300790546,0.6392943306454199,-2.3456101427037326,
halogen_outputs\experiment_2_opt_prompt_length\long_100_plus_words\0.pkl,long_100_plus_words,halogen_3976,summarization,147,40,long_100_plus,False,,0,0.2750772980870912,-17.065209060907364,0.2585045958662239,0.10696036551507106,-2.061704072630877,
halogen_outputs\experiment_2_opt_prompt_length\long_100_plus_words\0.pkl,long_100_plus_words,halogen_5231,summarization,413,35,long_100_plus,False,,0,0.797626761341689,-13.944502800703049,0.29349190427270855,0.12938661818748545,-1.8760870600351147,
halogen_outputs\experiment_2_opt_prompt_length\long_100_plus_words\0.pkl,long_100_plus_words,halogen_3992,summarization,302,52,long_100_plus,False,,0,1.0706404720274947,-13.30939294397831,0.2928590639761558,0.12990307567455636,-2.0516541937108483,
halogen_outputs\experiment_2_opt_prompt_length\long_100_plus_words\0.pkl,long_100_plus_words,halogen_4483,summarization,282,48,long_100_plus,False,,0,0.3357215281938434,-16.641941726207733,0.22940518202216617,0.2668978593990057,-2.030306928931822,
halogen_outputs\experiment_2_opt_prompt_length\long_100_plus_words\0.pkl,long_100_plus_words,halogen_4944,summarization,294,49,long_100_plus,False,,0,0.2602679207035956,-16.640498250722885,0.14626653531210979,0.17338541761143555,-2.1335637855840845,
halogen_outputs\experiment_2_opt_prompt_length\long_100_plus_words\0.pkl,long_100_plus_words,halogen_4552,summarization,206,50,long_100_plus,False,,0,0.24987420122069753,-16.04269826412201,0.2502794033501243,0.19238009918763455,-1.9744928344376649,
halogen_outputs\experiment_2_opt_prompt_length\long_100_plus_words\0.pkl,long_100_plus_words,halogen_6733,rationalization_binary,166,51,long_100_plus,False,,0,0.15983106706705752,-14.675647616386414,0.058488692333953686,0.4294682750040195,-2.317032727423272,
halogen_outputs\experiment_2_opt_prompt_length\long_100_plus_words\0.pkl,long_100_plus_words,halogen_5022,summarization,223,44,long_100_plus,False,,0,0.7256152159648701,-14.678327187895775,0.23056514907037445,0.16418149670449103,-1.9173232086683831,
halogen_outputs\experiment_2_opt_prompt_length\long_100_plus_words\0.pkl,long_100_plus_words,halogen_4811,summarization,282,0,long_100_plus,False,,0,1.7308866704446044,-10.835256576538086,0.34750839599506067,0.26897433277735955,-2.2667267167844067,
halogen_outputs\experiment_2_opt_prompt_length\long_100_plus_words\0.pkl,long_100_plus_words,halogen_4812,summarization,246,48,long_100_plus,False,,0,0.2594200370408314,-17.02550756931305,0.2286481111806266,0.17460337558060837,-2.0286680441513516,
halogen_outputs\experiment_2_opt_prompt_length\long_100_plus_words\0.pkl,long_100_plus_words,halogen_6731,rationalization_binary,166,51,long_100_plus,False,,0,0.16372324589563897,-14.63925638794899,0.035021615087159216,0.6829790064243267,-2.3539025525205255,
halogen_outputs\experiment_2_opt_prompt_length\long_100_plus_words\0.pkl,long_100_plus_words,halogen_4889,summarization,275,32,long_100_plus,False,,0,0.26389482980646267,-16.721855953335762,0.3066671170845945,0.10670845567242235,-2.129154489719119,
halogen_outputs\experiment_2_opt_prompt_length\long_100_plus_words\0.pkl,long_100_plus_words,halogen_5083,summarization,280,51,long_100_plus,False,,0,0.31865961490372463,-16.485906168818474,0.20595983532757134,0.25549527034334124,-2.3869857099845966,
halogen_outputs\experiment_2_opt_prompt_length\long_100_plus_words\0.pkl,long_100_plus_words,halogen_4607,summarization,253,42,long_100_plus,False,,0,0.3225882142008495,-16.791655391454697,0.20866581176533017,0.09877097072144979,-2.003478288520145,
halogen_outputs\experiment_2_opt_prompt_length\long_100_plus_words\0.pkl,long_100_plus_words,halogen_4708,summarization,200,42,long_100_plus,False,,0,0.41463886727463906,-15.942519217729568,0.18615567959551466,0.24187231692386363,-1.974059346904904,
halogen_outputs\experiment_2_opt_prompt_length\long_100_plus_words\0.pkl,long_100_plus_words,halogen_4102,summarization,139,47,long_100_plus,False,,0,0.3403525465390091,-16.300584107637405,0.19543336535610661,0.21194039429941192,-2.1927383474360984,
halogen_outputs\experiment_2_opt_prompt_length\long_100_plus_words\0.pkl,long_100_plus_words,halogen_4460,summarization,205,50,long_100_plus,False,,0,0.21938047413124248,-16.136800348758698,0.06016239212709997,0.5571010441523779,-2.2592068239078875,
halogen_outputs\experiment_2_opt_prompt_length\long_100_plus_words\0.pkl,long_100_plus_words,halogen_4625,summarization,179,44,long_100_plus,False,,0,1.2638519825519254,-13.353220045566559,0.15983121911010212,0.1391520669696768,-1.9695474893937213,
halogen_outputs\experiment_2_opt_prompt_length\long_100_plus_words\0.pkl,long_100_plus_words,halogen_4226,summarization,282,46,long_100_plus,False,,0,1.0992676455351496,-13.385560631752014,0.33510314661494195,0.12149129029675278,-2.133672463907446,
halogen_outputs\experiment_2_opt_prompt_length\long_100_plus_words\0.pkl,long_100_plus_words,halogen_4376,summarization,288,43,long_100_plus,False,,0,0.2528273215638653,-16.850014209747314,0.16820875337062918,0.30117465674363725,-2.114076876305353,
halogen_outputs\experiment_2_opt_prompt_length\long_100_plus_words\0.pkl,long_100_plus_words,halogen_4655,summarization,170,46,long_100_plus,False,,0,0.21143406838627612,-17.02379760146141,0.07367593027752858,0.5315759395660566,-1.9864329736444595,
halogen_outputs\experiment_2_opt_prompt_length\long_100_plus_words\0.pkl,long_100_plus_words,halogen_6587,rationalization_binary,166,51,long_100_plus,False,,0,0.16426525186860358,-14.65309202671051,0.04155819983134147,0.7744900564898798,-2.389756043662873,
halogen_outputs\experiment_2_opt_prompt_length\long_100_plus_words\0.pkl,long_100_plus_words,halogen_6713,rationalization_binary,166,51,long_100_plus,False,,0,0.1628374075807455,-14.62756858766079,0.04353214915895011,0.7928381038239051,-2.500363716285871,
halogen_outputs\experiment_2_opt_prompt_length\long_100_plus_words\0.pkl,long_100_plus_words,halogen_6602,rationalization_binary,166,51,long_100_plus,False,,0,0.1628280296657737,-14.66323173046112,0.05250782257002895,0.7836271208820229,-2.5900504826275537,
halogen_outputs\experiment_2_opt_prompt_length\long_100_plus_words\0.pkl,long_100_plus_words,halogen_4751,summarization,153,41,long_100_plus,False,,0,0.09828356621909581,-18.36797145009041,0.10816756524550511,0.29793228344788875,-2.345512921890716,
halogen_outputs\experiment_2_opt_prompt_length\long_100_plus_words\0.pkl,long_100_plus_words,halogen_4149,summarization,282,52,long_100_plus,False,,0,0.3586834464337972,-15.846515327692032,0.2923102025008323,0.17534973762587264,-2.075256137728572,
halogen_outputs\experiment_2_opt_prompt_length\long_100_plus_words\0.pkl,long_100_plus_words,halogen_4691,summarization,314,38,long_100_plus,False,,0,0.27312872082182293,-17.061246007680893,0.1285172580959774,0.23752254716514523,-2.15938592428933,
halogen_outputs\experiment_2_opt_prompt_length\long_100_plus_words\0.pkl,long_100_plus_words,halogen_4608,summarization,277,54,long_100_plus,False,,0,1.0643014178825454,-12.990605145692825,0.2908252849781464,0.16647583059373366,-1.9757110534057383,
halogen_outputs\experiment_2_opt_prompt_length\long_100_plus_words\0.pkl,long_100_plus_words,halogen_4323,summarization,203,46,long_100_plus,False,,0,0.44968786464199284,-16.256148859858513,0.25056054050436366,0.14030142339507184,-1.9845030881107988,
halogen_outputs\experiment_2_opt_prompt_length\long_100_plus_words\0.pkl,long_100_plus_words,halogen_6610,rationalization_binary,166,51,long_100_plus,False,,0,0.16440920914021226,-14.664027124643326,0.12250798118945905,0.41111617399688394,-2.151057685024048,
halogen_outputs\experiment_2_opt_prompt_length\long_100_plus_words\0.pkl,long_100_plus_words,halogen_6624,rationalization_binary,166,51,long_100_plus,False,,0,0.16428349414908286,-14.677320718765259,0.03503992354729075,0.6754941878088738,-2.4942242734208393,
halogen_outputs\experiment_2_opt_prompt_length\short_0_100_words\0.pkl,short_0_100_words,halogen_496,biographies,7,31,short_0_100,False,,0,0.9678800466541956,-12.959829973137897,0.4506921990164619,0.13453464530122086,-2.190878045282629,
halogen_outputs\experiment_2_opt_prompt_length\short_0_100_words\0.pkl,short_0_100_words,halogen_9643,falsepresupposition,36,25,short_0_100,False,,0,0.22434320656910337,-17.1746926009655,0.12269365132978631,0.2883524389355374,-1.9324827055771674,
halogen_outputs\experiment_2_opt_prompt_length\short_0_100_words\0.pkl,short_0_100_words,halogen_3105,references,38,47,short_0_100,False,,0,0.76278216430428,-13.747206822037697,0.23338226443910837,0.24435133964633063,-1.853455759789608,
halogen_outputs\experiment_2_opt_prompt_length\short_0_100_words\0.pkl,short_0_100_words,halogen_8648,simplification,34,47,short_0_100,False,,0,0.18514440627337136,-16.911271780729294,0.11653554235417334,0.3353050274152354,-2.023999702353156,
halogen_outputs\experiment_2_opt_prompt_length\short_0_100_words\0.pkl,short_0_100_words,halogen_5561,rationalization_binary,17,38,short_0_100,False,,0,0.5530258665626246,-17.982484847307205,0.42465155386258396,0.5339118086365686,-2.1356032163322025,
halogen_outputs\experiment_2_opt_prompt_length\short_0_100_words\0.pkl,short_0_100_words,halogen_5546,rationalization_binary,17,38,short_0_100,False,,0,0.6072336596755099,-18.1625834107399,0.4357791668236472,0.5576785831210347,-2.2571911683906127,
halogen_outputs\experiment_2_opt_prompt_length\short_0_100_words\0.pkl,short_0_100_words,halogen_5871,rationalization_binary,36,51,short_0_100,False,,0,0.6820330587064829,-13.600057780742645,0.2188169185662634,0.4267585086867376,-2.11884569870396,
halogen_outputs\experiment_2_opt_prompt_length\short_0_100_words\0.pkl,short_0_100_words,halogen_5759,rationalization_binary,34,50,short_0_100,False,,0,0.7177893064971163,-13.790651366824196,0.36456082458778144,0.2209322168141168,-2.224426894804946,
halogen_outputs\experiment_2_opt_prompt_length\short_0_100_words\0.pkl,short_0_100_words,halogen_3600,references,48,0,short_0_100,False,,0,0.17016938205461338,-12.310824885964394,0.19234995402415914,0.3568273701607035,-2.432517683334164,
halogen_outputs\experiment_2_opt_prompt_length\short_0_100_words\0.pkl,short_0_100_words,halogen_10322,rationalization_numerical,22,50,short_0_100,False,,0,0.40701991674466176,-14.61232240498066,0.27908689256037056,0.106672377548485,-2.0190229255921848,
halogen_outputs\experiment_2_opt_prompt_length\short_0_100_words\0.pkl,short_0_100_words,halogen_8687,simplification,37,47,short_0_100,False,,0,0.20231074754666928,-16.4490387737751,0.040154047010274294,0.5029104285790827,-2.1906217303703084,
halogen_outputs\experiment_2_opt_prompt_length\short_0_100_words\0.pkl,short_0_100_words,halogen_7691,code,21,48,short_0_100,False,,0,0.5818817825029201,-14.65753422677517,0.31213072873768966,0.18421664083769626,-1.9992796066542842,
halogen_outputs\experiment_2_opt_prompt_length\short_0_100_words\0.pkl,short_0_100_words,halogen_10231,rationalization_numerical,19,18,short_0_100,False,,0,0.64702526818015,-12.206123650074005,0.32218475389982765,0.1098637905093504,-2.1326754288925134,
halogen_outputs\experiment_2_opt_prompt_length\short_0_100_words\0.pkl,short_0_100_words,halogen_9549,falsepresupposition,36,47,short_0_100,False,,0,0.36382449148489915,-15.763339594006538,0.11057217798645573,0.2499332465906584,-2.04958583867008,
halogen_outputs\experiment_2_opt_prompt_length\short_0_100_words\0.pkl,short_0_100_words,halogen_10582,rationalization_numerical,22,40,short_0_100,False,,0,0.9102586877526492,-13.523120674432493,0.18820815682545405,0.18335240079808873,-2.2212186224976724,
halogen_outputs\experiment_2_opt_prompt_length\short_0_100_words\0.pkl,short_0_100_words,halogen_6006,rationalization_binary,35,53,short_0_100,False,,0,0.7574894006393489,-13.670132607221603,0.21333303621278943,0.4180145934515896,-2.0656325181415425,
halogen_outputs\experiment_2_opt_prompt_length\short_0_100_words\0.pkl,short_0_100_words,halogen_10726,rationalization_numerical,25,52,short_0_100,False,,0,0.32159927955888534,-15.06134583055973,0.19625099812738253,0.17650220036598258,-2.025107337632076,
halogen_outputs\experiment_2_opt_prompt_length\short_0_100_words\0.pkl,short_0_100_words,halogen_225,biographies,7,31,short_0_100,False,,0,0.7438132250191402,-13.07181940972805,0.412415312830481,0.10844900002412602,-2.2382476456643903,
halogen_outputs\experiment_2_opt_prompt_length\short_0_100_words\0.pkl,short_0_100_words,halogen_7016,code,27,48,short_0_100,False,,0,0.5751976366474512,-14.475532948970795,0.2734858627965278,0.2103909145556677,-1.9542962227436562,
halogen_outputs\experiment_2_opt_prompt_length\short_0_100_words\0.pkl,short_0_100_words,halogen_10272,rationalization_numerical,20,45,short_0_100,False,,0,0.7156498171546859,-14.402223497629166,0.31680425028913156,0.11830273546964494,-2.2080328396560924,
halogen_outputs\experiment_2_opt_prompt_length\short_0_100_words\0.pkl,short_0_100_words,halogen_5536,rationalization_binary,17,48,short_0_100,False,,0,1.0517533117177873,-13.261237755417824,0.41060490309407227,0.1541030406469168,-1.976147315686103,
halogen_outputs\experiment_2_opt_prompt_length\short_0_100_words\0.pkl,short_0_100_words,halogen_7572,code,25,49,short_0_100,False,,0,1.10745332625312,-13.26946073770523,0.1780639700617896,0.25321374179226847,-1.9588192167032126,
halogen_outputs\experiment_2_opt_prompt_length\short_0_100_words\0.pkl,short_0_100_words,halogen_3656,references,54,0,short_0_100,False,,0,0.1816210859442894,-12.276403173804283,0.05303685500030404,0.6244444444444445,-2.5956325060505803,
halogen_outputs\experiment_2_opt_prompt_length\short_0_100_words\0.pkl,short_0_100_words,halogen_9132,falsepresupposition,38,44,short_0_100,False,,0,0.4950863713918222,-14.091905698180199,0.1630675716134215,0.42524417592520436,-1.9426092651623936,
halogen_outputs\experiment_2_opt_prompt_length\short_0_100_words\0.pkl,short_0_100_words,halogen_2597,references,32,50,short_0_100,False,,0,0.5180471914236007,-14.177252396941185,0.21000875452625295,0.15709995186704648,-2.0057423853497256,
halogen_outputs\experiment_2_opt_prompt_length\short_0_100_words\0.pkl,short_0_100_words,halogen_10506,rationalization_numerical,23,24,short_0_100,False,,0,0.8730553519901683,-12.403544262051582,0.36738999362525915,0.14268703247132095,-2.226918345553542,
halogen_outputs\experiment_2_opt_prompt_length\short_0_100_words\0.pkl,short_0_100_words,halogen_7751,code,26,47,short_0_100,False,,0,0.7402257629091944,-13.420830622315407,0.18717008859065118,0.334806851541158,-1.912472367382921,
halogen_outputs\experiment_2_opt_prompt_length\short_0_100_words\0.pkl,short_0_100_words,halogen_9307,falsepresupposition,37,42,short_0_100,False,,0,0.3430082419046887,-14.717858791351318,0.16289060647476958,0.13033311198525524,-2.0502900519706566,
halogen_outputs\experiment_2_opt_prompt_length\short_0_100_words\0.pkl,short_0_100_words,halogen_3099,references,30,50,short_0_100,False,,0,0.5386275789956849,-14.489173233509064,0.22835126499926633,0.17075736308333267,-1.8271077991007747,
halogen_outputs\experiment_2_opt_prompt_length\short_0_100_words\0.pkl,short_0_100_words,halogen_3875,references,41,40,short_0_100,False,,0,0.486283032111953,-15.053141564130783,0.22173350206154976,0.1654465967471899,-1.9039564821704018,
halogen_outputs\experiment_2_opt_prompt_length\short_0_100_words\0.pkl,short_0_100_words,halogen_9417,falsepresupposition,38,49,short_0_100,False,,0,0.25280425141547336,-16.222527861595154,0.09841433669724611,0.20404845961480925,-2.1069067981351113,
halogen_outputs\experiment_2_opt_prompt_length\short_0_100_words\0.pkl,short_0_100_words,halogen_10295,rationalization_numerical,20,19,short_0_100,False,,0,1.3017511849088077,-12.119937813800314,0.27494390484017667,0.12964207724299898,-2.2172445203101665,
halogen_outputs\experiment_2_opt_prompt_length\short_0_100_words\0.pkl,short_0_100_words,halogen_3698,references,39,0,short_0_100,False,,0,0.16656217443047105,-12.209489703178406,0.16330816185235675,0.358257114162679,-2.4586837704515228,
halogen_outputs\experiment_2_opt_prompt_length\short_0_100_words\0.pkl,short_0_100_words,halogen_297,biographies,7,15,short_0_100,False,,0,1.3515429074382124,-11.972976104072902,0.41443991171894556,0.13530725646044986,-2.1041044334246948,
halogen_outputs\experiment_2_opt_prompt_length\short_0_100_words\0.pkl,short_0_100_words,halogen_8085,simplification,34,56,short_0_100,False,,0,0.5588428974678157,-13.702426210045815,0.10387916431974387,0.20012082281935892,-2.076322042921759,
halogen_outputs\experiment_2_opt_prompt_length\short_0_100_words\0.pkl,short_0_100_words,halogen_5554,rationalization_binary,17,38,short_0_100,False,,0,0.6270663858379322,-18.04037508368492,0.42913157036660976,0.4101098944065392,-2.22925953839959,
halogen_outputs\experiment_2_opt_prompt_length\short_0_100_words\0.pkl,short_0_100_words,halogen_2280,references,35,50,short_0_100,False,,0,0.5254327153468126,-14.796740427613258,0.25424418563850804,0.21052076930875196,-1.891771328162967,
halogen_outputs\experiment_2_opt_prompt_length\short_0_100_words\0.pkl,short_0_100_words,halogen_3790,references,50,0,short_0_100,False,,0,0.16834123649255764,-12.291238710284233,0.2760016137036668,0.2051872180560016,-2.29596329125756,
halogen_outputs\experiment_2_opt_prompt_length\short_0_100_words\0.pkl,short_0_100_words,halogen_1757,historicalevents,13,12,short_0_100,False,,0,0.942320658131686,-13.553861565060085,0.3883135956215477,0.20243900637372514,-2.3834852085019724,
halogen_outputs\experiment_2_opt_prompt_length\short_0_100_words\0.pkl,short_0_100_words,halogen_3582,references,41,0,short_0_100,False,,0,0.16998601747848138,-12.24667938053608,0.03593417911469278,0.8,-2.726307999023715,
halogen_outputs\experiment_2_opt_prompt_length\short_0_100_words\0.pkl,short_0_100_words,halogen_10364,rationalization_numerical,23,52,short_0_100,False,,0,0.16531774818113487,-16.38633692264557,0.1441181230406747,0.19456050150635776,-2.2889893019557235,
halogen_outputs\experiment_2_opt_prompt_length\short_0_100_words\0.pkl,short_0_100_words,halogen_9737,falsepresupposition,40,59,short_0_100,False,,0,0.36648389789469416,-14.692150831222534,0.1523735529028591,0.2878552973868115,-1.9674201342428623,
halogen_outputs\experiment_2_opt_prompt_length\short_0_100_words\0.pkl,short_0_100_words,halogen_10575,rationalization_numerical,22,40,short_0_100,False,,0,0.9166411106186032,-13.527816678963456,0.3971509423934139,0.09602267318246105,-2.250560982527647,
halogen_outputs\experiment_2_opt_prompt_length\short_0_100_words\0.pkl,short_0_100_words,halogen_10437,rationalization_numerical,23,26,short_0_100,False,,0,0.5393675842030246,-14.33602124452591,0.413940584076705,0.11839821619357616,-2.168417463960885,
halogen_outputs\experiment_2_opt_prompt_length\short_0_100_words\0.pkl,short_0_100_words,halogen_1389,historicalevents,14,43,short_0_100,False,,0,0.41328726225830226,-14.223543137311935,0.4015132691435036,0.1496470538265979,-2.132682033303739,
halogen_outputs\experiment_2_opt_prompt_length\short_0_100_words\0.pkl,short_0_100_words,halogen_3062,references,35,53,short_0_100,False,,0,1.039016491038914,-13.098395705223083,0.19294162826264133,0.15239810298981707,-1.965050823729176,
halogen_outputs\experiment_2_opt_prompt_length\short_0_100_words\0.pkl,short_0_100_words,halogen_2220,references,33,46,short_0_100,False,,0,0.9758356510606496,-13.981567621231079,0.23048750006699348,0.21653931130350104,-1.9936798142522776,
halogen_outputs\experiment_2_opt_prompt_length\short_0_100_words\0.pkl,short_0_100_words,halogen_8915,falsepresupposition,38,49,short_0_100,False,,0,0.11341468318975653,-17.663885161280632,0.04677765743230995,0.6594540380254663,-2.5912032309232353,
halogen_outputs\experiment_2_opt_prompt_length\short_0_100_words\0.pkl,short_0_100_words,halogen_1837,historicalevents,13,20,short_0_100,False,,0,0.8828518069781479,-12.957902343184859,0.4034178015141577,0.17028687034754653,-2.275560435413737,
halogen_outputs\experiment_2_opt_prompt_length\short_0_100_words\0.pkl,short_0_100_words,halogen_9669,falsepresupposition,36,25,short_0_100,False,,0,0.21790233258569885,-17.16529193520546,0.1468239946864512,0.41641829542989306,-2.0165525948742173,
halogen_outputs\experiment_2_opt_prompt_length\short_0_100_words\0.pkl,short_0_100_words,halogen_5339,rationalization_binary,17,42,short_0_100,False,,0,0.978876228231828,-18.056001752614975,0.45333688379060666,0.41969415899074797,-2.1750412820465237,
halogen_outputs\experiment_2_opt_prompt_length\short_0_100_words\0.pkl,short_0_100_words,halogen_3502,references,39,0,short_0_100,False,,0,0.16434115340159805,-12.193868666887283,0.2719233159093855,0.1394074427752821,-2.1452329842438926,
halogen_outputs\experiment_2_opt_prompt_length\short_0_100_words\0.pkl,short_0_100_words,halogen_5907,rationalization_binary,36,51,short_0_100,False,,0,0.6554086589365178,-13.66121019423008,0.35584560750102306,0.29056002325854635,-2.1388069722845175,
halogen_outputs\experiment_2_opt_prompt_length\short_0_100_words\0.pkl,short_0_100_words,halogen_2546,references,32,45,short_0_100,False,,0,0.35521639760888035,-15.610018506646156,0.28875874599590023,0.12004851136191214,-1.9399750482343177,
halogen_outputs\experiment_2_opt_prompt_length\short_0_100_words\0.pkl,short_0_100_words,halogen_3827,references,49,0,short_0_100,False,,0,0.1660352348709751,-12.347997546195984,0.09755378357766628,0.6239099859353024,-2.584033645881938,
halogen_outputs\experiment_2_opt_prompt_length\short_0_100_words\0.pkl,short_0_100_words,halogen_8561,simplification,41,41,short_0_100,False,,0,0.2929310947744512,-15.324351161718369,0.10607360443626265,0.4303884549820033,-1.9987771200972753,
halogen_outputs\experiment_2_opt_prompt_length\short_0_100_words\0.pkl,short_0_100_words,halogen_6914,code,27,44,short_0_100,False,,0,0.3644485999895972,-16.043262600898743,0.19976879237862538,0.28091350683149824,-1.8951586774519256,
halogen_outputs\experiment_2_opt_prompt_length\short_0_100_words\0.pkl,short_0_100_words,halogen_925,historicalevents,13,26,short_0_100,False,,0,0.5042156724589583,-14.678205401398415,0.26346393589622225,0.16036124996681433,-1.9986502976916316,
halogen_outputs\experiment_2_opt_prompt_length\short_0_100_words\0.pkl,short_0_100_words,halogen_10904,rationalization_numerical,25,55,short_0_100,False,,0,0.7630063776198788,-13.471856892108917,0.31299675467644117,0.12685187256137845,-2.0987847540758087,
halogen_outputs\experiment_2_opt_prompt_length\short_0_100_words\0.pkl,short_0_100_words,halogen_774,historicalevents,15,9,short_0_100,False,,0,1.4636264989304355,-11.539812405904135,0.3863314516993723,0.15003789101220746,-2.1672899526694307,
halogen_outputs\experiment_2_opt_prompt_length\short_0_100_words\0.pkl,short_0_100_words,halogen_10823,rationalization_numerical,25,58,short_0_100,False,,0,0.6339725752910772,-13.84540756046772,0.2080873838490958,0.1464288360548224,-1.9965175479535984,
halogen_outputs\experiment_2_opt_prompt_length\short_0_100_words\0.pkl,short_0_100_words,halogen_10298,rationalization_numerical,20,19,short_0_100,False,,0,1.3187814962666586,-12.129874312359354,0.4591330458208498,0.14791050259769398,-2.2468870766929667,
halogen_outputs\experiment_2_opt_prompt_length\short_0_100_words\0.pkl,short_0_100_words,halogen_2231,references,32,51,short_0_100,False,,0,1.2643077632497992,-13.070609763264656,0.12325637219078119,0.2185795492901799,-2.0149707844156106,
halogen_outputs\experiment_2_opt_prompt_length\short_0_100_words\0.pkl,short_0_100_words,halogen_5401,rationalization_binary,17,38,short_0_100,False,,0,0.5777166764549468,-18.103879794478416,0.4414143294351451,0.5601565311867553,-2.106013496085695,
halogen_outputs\experiment_2_opt_prompt_length\short_0_100_words\0.pkl,short_0_100_words,halogen_903,historicalevents,12,55,short_0_100,False,,0,0.5362899428737364,-13.24336002767086,0.3028441266297035,0.11995902662148021,-2.107371946531919,
halogen_outputs\experiment_2_opt_prompt_length\short_0_100_words\0.pkl,short_0_100_words,halogen_358,biographies,7,35,short_0_100,False,,0,0.8772293481166344,-13.975187707830358,0.5244193531720419,0.13236290374484344,-2.2626095609496737,
halogen_outputs\experiment_2_opt_prompt_length\short_0_100_words\0.pkl,short_0_100_words,halogen_3706,references,51,0,short_0_100,False,,0,0.18001759409653512,-12.347328662872314,0.15234839940112213,0.25236032563763655,-2.3859772296774664,
halogen_outputs\experiment_2_opt_prompt_length\short_0_100_words\0.pkl,short_0_100_words,halogen_10606,rationalization_numerical,22,51,short_0_100,False,,0,0.17741109403546285,-15.879977226257324,0.2887729631354875,0.11890288613976671,-2.0967523389470712,
halogen_outputs\experiment_2_opt_prompt_length\short_0_100_words\0.pkl,short_0_100_words,halogen_9170,falsepresupposition,35,49,short_0_100,False,,0,0.25869638511514964,-16.288648411631584,0.14387803872556906,0.49069350095929665,-1.9749399178448102,
halogen_outputs\experiment_2_opt_prompt_length\short_0_100_words\0.pkl,short_0_100_words,halogen_3231,references,43,0,short_0_100,False,,0,0.17184749447120717,-12.363229468464851,0.17146462016592684,0.2554284724149121,-2.3812344825071055,
halogen_outputs\experiment_2_opt_prompt_length\short_0_100_words\0.pkl,short_0_100_words,halogen_3668,references,56,0,short_0_100,False,,0,0.16123373528290916,-12.49628059566021,0.051137159203354966,0.6222222222222222,-2.5604949259986127,
halogen_outputs\experiment_2_opt_prompt_length\short_0_100_words\0.pkl,short_0_100_words,halogen_9000,falsepresupposition,35,46,short_0_100,False,,0,0.17760933177119193,-16.977969110012054,0.16357949795872115,0.3233557960799734,-2.010802195134506,
halogen_outputs\experiment_2_opt_prompt_length\short_0_100_words\0.pkl,short_0_100_words,halogen_617,biographies,7,35,short_0_100,False,,0,0.8778600861121802,-13.46396619796753,0.4740486623470332,0.11967763185277396,-2.218515655766322,
halogen_outputs\experiment_2_opt_prompt_length\short_0_100_words\0.pkl,short_0_100_words,halogen_3885,references,45,0,short_0_100,False,,0,0.13944387374270406,-12.52045239508152,0.13454874530414923,0.36257307127820787,-2.314406729666654,
halogen_outputs\experiment_2_opt_prompt_length\short_0_100_words\0.pkl,short_0_100_words,halogen_3723,references,49,0,short_0_100,False,,0,0.1549960305931693,-12.309230834245682,0.14371417715424564,0.47886710239651414,-2.4701386031064776,
halogen_outputs\experiment_2_opt_prompt_length\short_0_100_words\0.pkl,short_0_100_words,halogen_1196,historicalevents,15,20,short_0_100,False,,0,0.8225923519250262,-14.092092485138863,0.487436507057261,0.20117720739827852,-2.3197045942639845,
halogen_outputs\experiment_2_opt_prompt_length\short_0_100_words\0.pkl,short_0_100_words,halogen_2375,references,30,45,short_0_100,False,,0,0.4302071978516969,-14.922842100262642,0.2094460234895878,0.2230946288922819,-1.9931586984400451,
halogen_outputs\experiment_2_opt_prompt_length\short_0_100_words\0.pkl,short_0_100_words,halogen_10804,rationalization_numerical,25,47,short_0_100,False,,0,0.7789937783983847,-13.476193830370903,0.2624362112947964,0.1783571967323293,-2.1073781604166446,
halogen_outputs\experiment_2_opt_prompt_length\short_0_100_words\0.pkl,short_0_100_words,halogen_10257,rationalization_numerical,20,49,short_0_100,False,,0,1.035104599107974,-13.3865427672863,0.4506087619959144,0.15457539711704965,-2.1905552746879455,
halogen_outputs\experiment_2_opt_prompt_length\short_0_100_words\0.pkl,short_0_100_words,halogen_8982,falsepresupposition,35,46,short_0_100,False,,0,0.17099635381650324,-17.035268560051918,0.09750360428880507,0.34904226478472755,-1.9700206274443488,
halogen_outputs\experiment_2_opt_prompt_length\short_0_100_words\0.pkl,short_0_100_words,halogen_7670,code,27,48,short_0_100,False,,0,0.5861746073475602,-14.614788815379143,0.35978758538620614,0.1904875504937627,-1.954008867893386,
halogen_outputs\experiment_2_opt_prompt_length\short_0_100_words\0.pkl,short_0_100_words,halogen_9923,rationalization_numerical,23,52,short_0_100,False,,0,0.1443129946713239,-16.75777943432331,0.2224339078259981,0.16942551704231393,-2.0556816902824178,
halogen_outputs\experiment_2_opt_prompt_length\short_0_100_words\0.pkl,short_0_100_words,halogen_7401,code,27,48,short_0_100,False,,0,0.5825554224572256,-14.62397263944149,0.35290466688541916,0.1828708112572011,-2.07123385785901,
halogen_outputs\experiment_2_opt_prompt_length\short_0_100_words\0.pkl,short_0_100_words,halogen_524,biographies,7,45,short_0_100,False,,0,0.734151501547008,-14.170733764767647,0.5149688890609838,0.15693240726845442,-2.324264648942127,
halogen_outputs\experiment_2_opt_prompt_length\short_0_100_words\0.pkl,short_0_100_words,halogen_1815,historicalevents,12,11,short_0_100,False,,0,1.3230970571641858,-11.533620970589775,0.38223718299567244,0.10795613948707883,-2.310795496151613,
halogen_outputs\experiment_2_opt_prompt_length\short_0_100_words\0.pkl,short_0_100_words,halogen_7556,code,24,37,short_0_100,False,,0,0.14519721444426908,-17.0712331533432,0.17762430948142027,0.3510141450907768,-2.0952392923323404,
halogen_outputs\experiment_2_opt_prompt_length\short_0_100_words\0.pkl,short_0_100_words,halogen_10530,rationalization_numerical,23,30,short_0_100,False,,0,0.8498221560863644,-13.714792834387886,0.40673492720168525,0.1674299833524091,-2.147323695342291,
halogen_outputs\experiment_2_opt_prompt_length\short_0_100_words\0.pkl,short_0_100_words,halogen_5673,rationalization_binary,17,38,short_0_100,False,,0,0.6027030868092133,-18.13900475203991,0.4440009652885591,0.6109850722597702,-2.2270506348446966,
halogen_outputs\experiment_2_opt_prompt_length\short_0_100_words\0.pkl,short_0_100_words,halogen_8684,simplification,34,46,short_0_100,False,,0,0.3649854228982037,-15.178992733359337,0.15037652480287816,0.26027185488982996,-2.1517048043638587,
halogen_outputs\experiment_2_opt_prompt_length\short_0_100_words\0.pkl,short_0_100_words,halogen_8399,simplification,35,42,short_0_100,False,,0,0.17460751641473773,-16.57586759328842,0.042762949058775826,0.5946533874830485,-2.2811652186343045,
halogen_outputs\experiment_2_opt_prompt_length\short_0_100_words\0.pkl,short_0_100_words,halogen_2076,historicalevents,13,52,short_0_100,False,,0,0.4066423224195759,-13.98183386027813,0.40860746245231094,0.20187486785898523,-2.1432389961140936,
halogen_outputs\experiment_2_opt_prompt_length\short_0_100_words\0.pkl,short_0_100_words,halogen_1253,historicalevents,12,11,short_0_100,False,,0,1.351455883205548,-11.535359450748988,0.36563382082698276,0.09912558884616131,-2.0472033174234143,
halogen_outputs\experiment_2_opt_prompt_length\short_0_100_words\0.pkl,short_0_100_words,halogen_8995,falsepresupposition,35,46,short_0_100,False,,0,0.18332160499926198,-17.01969186961651,0.11033987891566274,0.34032275619688135,-2.099089951210363,
halogen_outputs\experiment_2_opt_prompt_length\short_0_100_words\0.pkl,short_0_100_words,halogen_10901,rationalization_numerical,25,55,short_0_100,False,,0,0.7654491135124022,-13.408792406320572,0.26760350092380103,0.14237528341398187,-2.0656912105645433,
halogen_outputs\experiment_2_opt_prompt_length\short_0_100_words\0.pkl,short_0_100_words,halogen_6907,code,27,46,short_0_100,False,,0,0.77998831241916,-14.307353720068932,0.4221173200897792,0.19733895049309552,-1.935580432832289,
halogen_outputs\experiment_2_opt_prompt_length\short_0_100_words\0.pkl,short_0_100_words,halogen_8154,simplification,67,47,short_0_100,False,,0,0.12796158738323948,-17.428035587072372,0.2237089144220164,0.2666515895580867,-1.9622264564900593,
halogen_outputs\experiment_2_opt_prompt_length\short_0_100_words\0.pkl,short_0_100_words,halogen_8569,simplification,50,57,short_0_100,False,,0,0.609397504698144,-12.969580814242363,0.12070503410445048,0.3775100246923546,-2.221948999140073,
halogen_outputs\experiment_2_opt_prompt_length\short_0_100_words\0.pkl,short_0_100_words,halogen_1059,historicalevents,12,12,short_0_100,False,,0,1.017183635763319,-13.18552022821763,0.4065937561073968,0.14417786307093086,-2.214365328970798,
halogen_outputs\experiment_2_opt_prompt_length\short_0_100_words\0.pkl,short_0_100_words,halogen_5427,rationalization_binary,17,42,short_0_100,False,,0,0.937084038171625,-18.01878447830677,0.4137689560061048,0.43050308654597147,-2.2878219749003827,
halogen_outputs\experiment_2_opt_prompt_length\short_0_100_words\0.pkl,short_0_100_words,halogen_397,biographies,7,37,short_0_100,False,,0,0.9531203306786409,-13.064952318484966,0.41593945801352367,0.1293243369355901,-2.1335874189676707,
