source_file,run_name,id,category,prompt_length_words,generation_length_words,length_bucket,feature_clipping_enabled,feature_clip_layer,feature_clip_tokens_collected,perplexity,energy,entropy,lexical_similarity,eigenIndicator,eigenIndicatorOutput
halogen_outputs/tinyllama_references_100_clip/0.pkl,tinyllama_references_100_clip,halogen_2182,references,27,0,short_0_100,True,model.layers.20,3000,1.5772154242805445,-14.905340194702148,0.3392743496281454,0.473015873015873,-2.5232070388359245,
halogen_outputs/tinyllama_references_100_clip/0.pkl,tinyllama_references_100_clip,halogen_2183,references,35,0,short_0_100,True,model.layers.20,3000,1.4514181644839528,-15.279542922973633,0.303609324704856,0.2675036196556333,-2.3369294339652384,
halogen_outputs/tinyllama_references_100_clip/0.pkl,tinyllama_references_100_clip,halogen_2184,references,29,0,short_0_100,True,model.layers.20,3000,1.527032212531383,-14.800469398498535,0.292319379484716,0.8,-2.698227509260196,
halogen_outputs/tinyllama_references_100_clip/0.pkl,tinyllama_references_100_clip,halogen_2185,references,32,0,short_0_100,True,model.layers.20,3000,1.2334256619434898,-15.34280014038086,0.18917407176254497,0.4787301587301587,-2.498224433474472,
halogen_outputs/tinyllama_references_100_clip/0.pkl,tinyllama_references_100_clip,halogen_2186,references,27,0,short_0_100,True,model.layers.20,3000,1.4401540208230212,-15.260466575622559,0.2880282108356604,0.3441121280010169,-2.401865158159199,
halogen_outputs/tinyllama_references_100_clip/0.pkl,tinyllama_references_100_clip,halogen_2187,references,28,0,short_0_100,True,model.layers.20,3000,1.5664293653465957,-15.199241638183594,0.33865834586177035,0.2756358370508697,-2.369061790670388,
halogen_outputs/tinyllama_references_100_clip/0.pkl,tinyllama_references_100_clip,halogen_2188,references,36,0,short_0_100,True,model.layers.20,3000,1.1978447511869375,-15.322845458984375,0.18716541018032234,0.8,-2.70188979115114,
halogen_outputs/tinyllama_references_100_clip/0.pkl,tinyllama_references_100_clip,halogen_2189,references,28,0,short_0_100,True,model.layers.20,3000,1.484796457572457,-15.133234024047852,0.2745263243300993,0.47787561709723436,-2.52217821187028,
halogen_outputs/tinyllama_references_100_clip/0.pkl,tinyllama_references_100_clip,halogen_2190,references,29,0,short_0_100,True,model.layers.20,3000,1.2745261886044565,-15.227651596069336,0.21528279348659413,0.47312043833782963,-2.522887374035175,
halogen_outputs/tinyllama_references_100_clip/0.pkl,tinyllama_references_100_clip,halogen_2191,references,28,0,short_0_100,True,model.layers.20,3000,1.6274122897988892,-15.189912796020508,0.4153802847886963,0.6270928462709284,-2.609128391596962,
halogen_outputs/tinyllama_references_100_clip/0.pkl,tinyllama_references_100_clip,halogen_2192,references,28,0,short_0_100,True,model.layers.20,3000,1.2031373572118276,-15.304699897766113,0.16074307548638334,0.6262626262626262,-2.5950299871354927,
halogen_outputs/tinyllama_references_100_clip/0.pkl,tinyllama_references_100_clip,halogen_2193,references,36,0,short_0_100,True,model.layers.20,3000,1.3465680899763142,-15.13563060760498,0.26901699661928896,0.6234567901234568,-2.629530207518547,
halogen_outputs/tinyllama_references_100_clip/0.pkl,tinyllama_references_100_clip,halogen_2194,references,39,0,short_0_100,True,model.layers.20,3000,1.3784544991727268,-15.190954208374023,0.2540725525654548,0.6251851851851852,-2.593270971979107,
halogen_outputs/tinyllama_references_100_clip/0.pkl,tinyllama_references_100_clip,halogen_2195,references,28,0,short_0_100,True,model.layers.20,3000,1.4210072843252368,-15.18663215637207,0.2716905842205112,0.6259259259259259,-2.604546185195851,
halogen_outputs/tinyllama_references_100_clip/0.pkl,tinyllama_references_100_clip,halogen_2196,references,26,0,short_0_100,True,model.layers.20,3000,1.5840805743131345,-15.170018196105957,0.3116241469884645,0.29136904331310437,-2.374190380510016,
halogen_outputs/tinyllama_references_100_clip/0.pkl,tinyllama_references_100_clip,halogen_2197,references,30,0,short_0_100,True,model.layers.20,3000,1.2030463416623487,-15.265546798706055,0.17033449852355437,0.8,-2.709825527489033,
halogen_outputs/tinyllama_references_100_clip/0.pkl,tinyllama_references_100_clip,halogen_2198,references,32,0,short_0_100,True,model.layers.20,3000,1.35259637605075,-15.290096282958984,0.2455881851930836,0.38259598517663035,-2.407175393627675,
halogen_outputs/tinyllama_references_100_clip/0.pkl,tinyllama_references_100_clip,halogen_2199,references,27,0,short_0_100,True,model.layers.20,3000,1.503191579918797,-15.229754447937012,0.30670583987242955,0.4772492492492492,-2.508243657421773,
halogen_outputs/tinyllama_references_100_clip/0.pkl,tinyllama_references_100_clip,halogen_2200,references,30,0,short_0_100,True,model.layers.20,3000,1.144967017253799,-15.371529579162598,0.13370824672838708,1.0,-2.804696210367897,
halogen_outputs/tinyllama_references_100_clip/0.pkl,tinyllama_references_100_clip,halogen_2201,references,30,0,short_0_100,True,model.layers.20,3000,1.1524621355581972,-15.191524505615234,0.14714453592485036,0.6239316239316239,-2.6056325759871237,
halogen_outputs/tinyllama_references_100_clip/0.pkl,tinyllama_references_100_clip,halogen_2202,references,32,0,short_0_100,True,model.layers.20,3000,1.5188190443291103,-15.112568855285645,0.28182524576054335,0.3542827769370456,-2.3897375281957114,
halogen_outputs/tinyllama_references_100_clip/0.pkl,tinyllama_references_100_clip,halogen_2203,references,39,0,short_0_100,True,model.layers.20,3000,1.4624996435257889,-15.118749618530273,0.30608460670588206,0.4736999625888515,-2.507574161578679,
halogen_outputs/tinyllama_references_100_clip/0.pkl,tinyllama_references_100_clip,halogen_2204,references,27,0,short_0_100,True,model.layers.20,3000,1.5078434538484777,-15.156281471252441,0.3045745515536785,0.48053972329196976,-2.5225450121742,
halogen_outputs/tinyllama_references_100_clip/0.pkl,tinyllama_references_100_clip,halogen_2205,references,31,0,short_0_100,True,model.layers.20,3000,1.185638111760536,-15.263763427734375,0.15170886474232148,0.6260869565217392,-2.5993754129484365,
halogen_outputs/tinyllama_references_100_clip/0.pkl,tinyllama_references_100_clip,halogen_2206,references,34,0,short_0_100,True,model.layers.20,3000,1.0354806291009255,-15.191730499267578,0.10689142552259792,0.8,-2.689603035854158,
halogen_outputs/tinyllama_references_100_clip/0.pkl,tinyllama_references_100_clip,halogen_2207,references,34,0,short_0_100,True,model.layers.20,3000,1.0511749747108972,-15.293362617492676,0.101545086479501,0.8,-2.7021007244517037,
halogen_outputs/tinyllama_references_100_clip/0.pkl,tinyllama_references_100_clip,halogen_2208,references,33,0,short_0_100,True,model.layers.20,3000,0.9538129816457269,-15.297562599182129,0.10598962989443343,0.6253968253968254,-2.5980000286291007,
halogen_outputs/tinyllama_references_100_clip/0.pkl,tinyllama_references_100_clip,halogen_2209,references,27,0,short_0_100,True,model.layers.20,3000,1.5004900069063816,-15.156740188598633,0.3201933166254601,0.8,-2.704222544121809,
halogen_outputs/tinyllama_references_100_clip/0.pkl,tinyllama_references_100_clip,halogen_2210,references,37,0,short_0_100,True,model.layers.20,3000,1.2170447899507293,-15.131107330322266,0.19977558956538305,0.47683369644153956,-2.5065435650110244,
halogen_outputs/tinyllama_references_100_clip/0.pkl,tinyllama_references_100_clip,halogen_2211,references,35,0,short_0_100,True,model.layers.20,3000,1.5492113605686284,-15.072649002075195,0.28639712524138056,0.20383800791482737,-2.252180735100983,
halogen_outputs/tinyllama_references_100_clip/0.pkl,tinyllama_references_100_clip,halogen_2212,references,28,0,short_0_100,True,model.layers.20,3000,1.4557041432978914,-15.065078735351562,0.2721773695980804,0.25232076098965234,-2.3419779774944636,
halogen_outputs/tinyllama_references_100_clip/0.pkl,tinyllama_references_100_clip,halogen_2213,references,34,0,short_0_100,True,model.layers.20,3000,1.3689745021378614,-15.017412185668945,0.2546247035861412,0.27046368748348865,-2.342701174506633,
halogen_outputs/tinyllama_references_100_clip/0.pkl,tinyllama_references_100_clip,halogen_2214,references,34,0,short_0_100,True,model.layers.20,3000,1.1576625296277778,-15.188912391662598,0.1879696983798998,0.47296703296703296,-2.500523808084003,
halogen_outputs/tinyllama_references_100_clip/0.pkl,tinyllama_references_100_clip,halogen_2215,references,29,0,short_0_100,True,model.layers.20,3000,1.3576548464976168,-15.185779571533203,0.2560329184043034,0.34467091550424883,-2.425580679754428,
halogen_outputs/tinyllama_references_100_clip/0.pkl,tinyllama_references_100_clip,halogen_2216,references,37,0,short_0_100,True,model.layers.20,3000,1.6802567469883052,-14.984944343566895,0.44407714604237264,0.8,-2.6991888793802192,
halogen_outputs/tinyllama_references_100_clip/0.pkl,tinyllama_references_100_clip,halogen_2217,references,41,0,short_0_100,True,model.layers.20,3000,1.5708391372906503,-15.156776428222656,0.3032592452086485,0.19516255036341876,-2.2196209428293727,
halogen_outputs/tinyllama_references_100_clip/0.pkl,tinyllama_references_100_clip,halogen_2218,references,28,0,short_0_100,True,model.layers.20,3000,1.4631317016591148,-15.17406940460205,0.3030990536419098,0.47359788359788363,-2.504687957560534,
halogen_outputs/tinyllama_references_100_clip/0.pkl,tinyllama_references_100_clip,halogen_2219,references,33,0,short_0_100,True,model.layers.20,3000,1.1523410873332576,-15.17577838897705,0.13631474906738306,0.8,-2.70299877042916,
halogen_outputs/tinyllama_references_100_clip/0.pkl,tinyllama_references_100_clip,halogen_2220,references,33,0,short_0_100,True,model.layers.20,3000,1.1735033230400653,-15.095378875732422,0.12200884633797368,1.0,-2.807459568683341,
halogen_outputs/tinyllama_references_100_clip/0.pkl,tinyllama_references_100_clip,halogen_2221,references,29,0,short_0_100,True,model.layers.20,3000,1.2923507980064193,-15.222038269042969,0.18727986676653952,0.6252873563218391,-2.602183324992103,
halogen_outputs/tinyllama_references_100_clip/0.pkl,tinyllama_references_100_clip,halogen_2222,references,36,0,short_0_100,True,model.layers.20,3000,1.529384466812211,-15.20125961303711,0.4077923654158052,1.0,-2.8044970176151542,
halogen_outputs/tinyllama_references_100_clip/0.pkl,tinyllama_references_100_clip,halogen_2223,references,38,0,short_0_100,True,model.layers.20,3000,1.206603495225131,-15.19097900390625,0.17174132785171028,0.8,-2.7294994877066006,
halogen_outputs/tinyllama_references_100_clip/0.pkl,tinyllama_references_100_clip,halogen_2224,references,28,0,short_0_100,True,model.layers.20,3000,1.354061816239397,-15.1899995803833,0.2548095583450907,0.625,-2.608398389881851,
halogen_outputs/tinyllama_references_100_clip/0.pkl,tinyllama_references_100_clip,halogen_2225,references,33,0,short_0_100,True,model.layers.20,3000,1.516043422769271,-15.039481163024902,0.28370409123925755,0.47590297803063764,-2.521027079036139,
halogen_outputs/tinyllama_references_100_clip/0.pkl,tinyllama_references_100_clip,halogen_2226,references,33,0,short_0_100,True,model.layers.20,3000,1.4916178166208793,-15.296305656433105,0.32251040392819774,0.6235294117647059,-2.608839784640873,
halogen_outputs/tinyllama_references_100_clip/0.pkl,tinyllama_references_100_clip,halogen_2227,references,28,0,short_0_100,True,model.layers.20,3000,1.4084488149513792,-15.283449172973633,0.3160328759695313,0.4770629370629371,-2.5240175719203473,
halogen_outputs/tinyllama_references_100_clip/0.pkl,tinyllama_references_100_clip,halogen_2228,references,34,0,short_0_100,True,model.layers.20,3000,1.2821778287273706,-15.204052925109863,0.20442697959253725,1.0,-2.804508992271626,
halogen_outputs/tinyllama_references_100_clip/0.pkl,tinyllama_references_100_clip,halogen_2229,references,27,0,short_0_100,True,model.layers.20,3000,1.5472998893758236,-15.250425338745117,0.3445431657534427,0.34658458968311456,-2.440831884724841,
halogen_outputs/tinyllama_references_100_clip/0.pkl,tinyllama_references_100_clip,halogen_2230,references,32,0,short_0_100,True,model.layers.20,3000,1.4580514854896398,-15.254926681518555,0.2916807863121748,1.0,-2.8038063636580137,
halogen_outputs/tinyllama_references_100_clip/0.pkl,tinyllama_references_100_clip,halogen_2231,references,32,0,short_0_100,True,model.layers.20,3000,1.1992282823895393,-15.003915786743164,0.1530849272998593,0.634567901234568,-2.616000225889458,
halogen_outputs/tinyllama_references_100_clip/0.pkl,tinyllama_references_100_clip,halogen_2232,references,30,0,short_0_100,True,model.layers.20,3000,1.5486865581368396,-15.220561981201172,0.3205042160877883,0.25794037833511513,-2.307893138254295,
halogen_outputs/tinyllama_references_100_clip/0.pkl,tinyllama_references_100_clip,halogen_2233,references,27,0,short_0_100,True,model.layers.20,3000,1.51635353429075,-15.180416107177734,0.31339765077166915,0.6234234234234234,-2.6206498497064925,
halogen_outputs/tinyllama_references_100_clip/0.pkl,tinyllama_references_100_clip,halogen_2234,references,49,43,short_0_100,True,model.layers.20,3000,0.3096463739627304,-18.910110250115395,0.2919610390015729,0.1876789208205529,-1.9929555583885772,
halogen_outputs/tinyllama_references_100_clip/0.pkl,tinyllama_references_100_clip,halogen_2235,references,30,0,short_0_100,True,model.layers.20,3000,1.4234046281189974,-15.235904693603516,0.24846631975117583,0.8,-2.7099906994912653,
halogen_outputs/tinyllama_references_100_clip/0.pkl,tinyllama_references_100_clip,halogen_2236,references,32,0,short_0_100,True,model.layers.20,3000,1.3338899979681946,-15.216702461242676,0.22631276849688647,0.4779053245834903,-2.5052083856414065,
halogen_outputs/tinyllama_references_100_clip/0.pkl,tinyllama_references_100_clip,halogen_2237,references,36,0,short_0_100,True,model.layers.20,3000,1.120380701884136,-15.112567901611328,0.10556030389250051,1.0,-2.8074451919559236,
halogen_outputs/tinyllama_references_100_clip/0.pkl,tinyllama_references_100_clip,halogen_2238,references,29,0,short_0_100,True,model.layers.20,3000,1.24751821590838,-15.075643539428711,0.182418254915163,0.4887419165196943,-2.5188891127567503,
halogen_outputs/tinyllama_references_100_clip/0.pkl,tinyllama_references_100_clip,halogen_2239,references,27,0,short_0_100,True,model.layers.20,3000,1.5058350423774085,-15.09177303314209,0.31703313699068914,0.489917695473251,-2.5666129855507385,
halogen_outputs/tinyllama_references_100_clip/0.pkl,tinyllama_references_100_clip,halogen_2240,references,29,0,short_0_100,True,model.layers.20,3000,1.440990791428346,-15.167552947998047,0.26433728203794177,0.6264550264550265,-2.663804067557617,
halogen_outputs/tinyllama_references_100_clip/0.pkl,tinyllama_references_100_clip,halogen_2241,references,29,0,short_0_100,True,model.layers.20,3000,1.38581549287018,-15.268628120422363,0.2685577748326867,0.47578347578347574,-2.510865403128588,
halogen_outputs/tinyllama_references_100_clip/0.pkl,tinyllama_references_100_clip,halogen_2242,references,28,0,short_0_100,True,model.layers.20,3000,1.5581794352157898,-15.19099235534668,0.3752548603526421,0.6236559139784946,-2.6064378552623393,
halogen_outputs/tinyllama_references_100_clip/0.pkl,tinyllama_references_100_clip,halogen_2243,references,32,0,short_0_100,True,model.layers.20,3000,1.365624939152718,-15.209375381469727,0.23701245169821283,0.4827528799702713,-2.5005478984658813,
halogen_outputs/tinyllama_references_100_clip/0.pkl,tinyllama_references_100_clip,halogen_2244,references,36,0,short_0_100,True,model.layers.20,3000,1.036284145335714,-15.395659446716309,0.1215271362187306,0.6285714285714286,-2.632350854319499,
halogen_outputs/tinyllama_references_100_clip/0.pkl,tinyllama_references_100_clip,halogen_2245,references,34,0,short_0_100,True,model.layers.20,3000,1.2990441073132324,-15.197481155395508,0.20490226528240751,0.356203605282082,-2.420143484954127,
halogen_outputs/tinyllama_references_100_clip/0.pkl,tinyllama_references_100_clip,halogen_2246,references,29,0,short_0_100,True,model.layers.20,3000,0.8492933074443928,-15.52898120880127,0.04510133630068115,1.0,-2.8052163474813954,
halogen_outputs/tinyllama_references_100_clip/0.pkl,tinyllama_references_100_clip,halogen_2247,references,33,0,short_0_100,True,model.layers.20,3000,0.9800049824238318,-15.261255264282227,0.09831329863562155,0.8,-2.6912965117602776,
halogen_outputs/tinyllama_references_100_clip/0.pkl,tinyllama_references_100_clip,halogen_2248,references,30,0,short_0_100,True,model.layers.20,3000,0.8930158331302279,-15.34614086151123,0.053352475999663654,1.0,-2.803879695389876,
halogen_outputs/tinyllama_references_100_clip/0.pkl,tinyllama_references_100_clip,halogen_2249,references,35,0,short_0_100,True,model.layers.20,3000,0.9822690656967377,-15.497894287109375,0.07616771767104946,1.0,-2.804520606669693,
halogen_outputs/tinyllama_references_100_clip/0.pkl,tinyllama_references_100_clip,halogen_2250,references,31,0,short_0_100,True,model.layers.20,3000,1.0764319754626066,-15.146744728088379,0.1268877803625464,0.8,-2.704753712105244,
halogen_outputs/tinyllama_references_100_clip/0.pkl,tinyllama_references_100_clip,halogen_2251,references,34,0,short_0_100,True,model.layers.20,3000,1.137145593658869,-15.38714599609375,0.12819635380621364,1.0,-2.8043605274211574,
halogen_outputs/tinyllama_references_100_clip/0.pkl,tinyllama_references_100_clip,halogen_2252,references,35,0,short_0_100,True,model.layers.20,3000,0.7835201596530367,-15.416333198547363,0.042472688709799374,1.0,-2.804051176313985,
halogen_outputs/tinyllama_references_100_clip/0.pkl,tinyllama_references_100_clip,halogen_2253,references,34,0,short_0_100,True,model.layers.20,3000,0.9945108491676408,-15.267948150634766,0.08837640928556655,1.0,-2.8062450443543367,
halogen_outputs/tinyllama_references_100_clip/0.pkl,tinyllama_references_100_clip,halogen_2254,references,34,0,short_0_100,True,model.layers.20,3000,1.1311437676703346,-15.342081069946289,0.12282310651863046,1.0,-2.804152485068223,
halogen_outputs/tinyllama_references_100_clip/0.pkl,tinyllama_references_100_clip,halogen_2255,references,32,0,short_0_100,True,model.layers.20,3000,1.0259465729609483,-15.190009117126465,0.12280980270815249,0.46990622335890875,-2.507208057382607,
halogen_outputs/tinyllama_references_100_clip/0.pkl,tinyllama_references_100_clip,halogen_2256,references,33,0,short_0_100,True,model.layers.20,3000,0.9396454617651833,-15.431833267211914,0.08575197661986186,0.8,-2.7051580794654404,
halogen_outputs/tinyllama_references_100_clip/0.pkl,tinyllama_references_100_clip,halogen_2257,references,33,0,short_0_100,True,model.layers.20,3000,0.9439384680114477,-15.318938255310059,0.07431702290756274,1.0,-2.8052032278335424,
halogen_outputs/tinyllama_references_100_clip/0.pkl,tinyllama_references_100_clip,halogen_2258,references,31,0,short_0_100,True,model.layers.20,3000,1.1290521721450033,-15.25405216217041,0.16719527658576266,0.4730787163737356,-2.514946879425361,
halogen_outputs/tinyllama_references_100_clip/0.pkl,tinyllama_references_100_clip,halogen_2259,references,31,0,short_0_100,True,model.layers.20,3000,1.040173884922667,-15.297986030578613,0.12079405682023718,0.8,-2.706991444459197,
halogen_outputs/tinyllama_references_100_clip/0.pkl,tinyllama_references_100_clip,halogen_2260,references,32,0,short_0_100,True,model.layers.20,3000,0.8686247781680638,-15.384249687194824,0.10178713769554815,0.6287581699346405,-2.6013403528832244,
halogen_outputs/tinyllama_references_100_clip/0.pkl,tinyllama_references_100_clip,halogen_2261,references,30,0,short_0_100,True,model.layers.20,3000,0.8496451021025263,-15.443395614624023,0.04127381037409795,1.0,-2.804443474910073,
halogen_outputs/tinyllama_references_100_clip/0.pkl,tinyllama_references_100_clip,halogen_2262,references,32,0,short_0_100,True,model.layers.20,3000,0.8323967049625004,-15.355834007263184,0.046938050768570154,1.0,-2.804333087718942,
halogen_outputs/tinyllama_references_100_clip/0.pkl,tinyllama_references_100_clip,halogen_2263,references,34,0,short_0_100,True,model.layers.20,3000,1.0780496299141136,-15.304612159729004,0.10629823159237614,1.0,-2.8056881186222666,
halogen_outputs/tinyllama_references_100_clip/0.pkl,tinyllama_references_100_clip,halogen_2264,references,29,0,short_0_100,True,model.layers.20,3000,0.8409878962157432,-15.458175659179688,0.048370054583317834,1.0,-2.8048188404842,
halogen_outputs/tinyllama_references_100_clip/0.pkl,tinyllama_references_100_clip,halogen_2265,references,36,0,short_0_100,True,model.layers.20,3000,0.8370407499821708,-15.493290901184082,0.06084249680082936,1.0,-2.8055843776822984,
halogen_outputs/tinyllama_references_100_clip/0.pkl,tinyllama_references_100_clip,halogen_2266,references,31,0,short_0_100,True,model.layers.20,3000,0.9814813814693979,-15.262731552124023,0.08760877226089007,1.0,-2.8054305975701475,
halogen_outputs/tinyllama_references_100_clip/0.pkl,tinyllama_references_100_clip,halogen_2267,references,30,0,short_0_100,True,model.layers.20,3000,0.9267322675070608,-15.465794563293457,0.06321614096460736,1.0,-2.804122903737294,
halogen_outputs/tinyllama_references_100_clip/0.pkl,tinyllama_references_100_clip,halogen_2268,references,34,0,short_0_100,True,model.layers.20,3000,1.0337103700315038,-15.432147979736328,0.09379824752163501,1.0,-2.8049681756638103,
halogen_outputs/tinyllama_references_100_clip/0.pkl,tinyllama_references_100_clip,halogen_2269,references,30,0,short_0_100,True,model.layers.20,3000,0.88490661174959,-15.502094268798828,0.056455130048917335,1.0,-2.8036776887096986,
halogen_outputs/tinyllama_references_100_clip/0.pkl,tinyllama_references_100_clip,halogen_2270,references,30,0,short_0_100,True,model.layers.20,3000,0.9281049535942149,-15.474980354309082,0.057095396185297256,1.0,-2.8037279238673656,
halogen_outputs/tinyllama_references_100_clip/0.pkl,tinyllama_references_100_clip,halogen_2271,references,32,0,short_0_100,True,model.layers.20,3000,1.0692584478737852,-15.248946189880371,0.1181344593288198,1.0,-2.8060673293069724,
halogen_outputs/tinyllama_references_100_clip/0.pkl,tinyllama_references_100_clip,halogen_2272,references,30,0,short_0_100,True,model.layers.20,3000,0.9102798830615819,-15.472780227661133,0.06142226000249936,1.0,-2.8041933020222425,
halogen_outputs/tinyllama_references_100_clip/0.pkl,tinyllama_references_100_clip,halogen_2273,references,30,0,short_0_100,True,model.layers.20,3000,0.8796075585673334,-15.457732200622559,0.07123931208018683,0.8,-2.7036260849044687,
halogen_outputs/tinyllama_references_100_clip/0.pkl,tinyllama_references_100_clip,halogen_2274,references,30,0,short_0_100,True,model.layers.20,3000,0.8453990906204835,-15.384461402893066,0.04423598181816168,1.0,-2.80375916017611,
halogen_outputs/tinyllama_references_100_clip/0.pkl,tinyllama_references_100_clip,halogen_2275,references,30,0,short_0_100,True,model.layers.20,3000,1.000850953756477,-15.078975677490234,0.10464659118288713,0.6222222222222222,-2.614119522283807,
halogen_outputs/tinyllama_references_100_clip/0.pkl,tinyllama_references_100_clip,halogen_2276,references,34,0,short_0_100,True,model.layers.20,3000,1.039797919662858,-15.20386028289795,0.10447390141335251,0.8,-2.699592224282158,
halogen_outputs/tinyllama_references_100_clip/0.pkl,tinyllama_references_100_clip,halogen_2277,references,37,0,short_0_100,True,model.layers.20,3000,1.0854423673794313,-15.444817543029785,0.1623779502617561,0.47893772893772896,-2.5341671492635376,
halogen_outputs/tinyllama_references_100_clip/0.pkl,tinyllama_references_100_clip,halogen_2278,references,35,0,short_0_100,True,model.layers.20,3000,1.0955810441629792,-15.3455810546875,0.1156409764633636,0.8,-2.7059882245923625,
halogen_outputs/tinyllama_references_100_clip/0.pkl,tinyllama_references_100_clip,halogen_2279,references,33,0,short_0_100,True,model.layers.20,3000,0.8641950302226336,-15.418882369995117,0.05317657824169908,1.0,-2.8053769587655504,
halogen_outputs/tinyllama_references_100_clip/0.pkl,tinyllama_references_100_clip,halogen_2280,references,35,0,short_0_100,True,model.layers.20,3000,1.0720858495215957,-15.361148834228516,0.10854139749465627,1.0,-2.8047659921190653,
halogen_outputs/tinyllama_references_100_clip/0.pkl,tinyllama_references_100_clip,halogen_2281,references,30,0,short_0_100,True,model.layers.20,3000,0.8158976389407016,-15.558085441589355,0.0746968560465153,0.8,-2.7040927959415972,
